club_id,name,founded,website,stadium
49933,Milano City FC,2016-04-21,https://www.milanocityfc.it/,"Stadio Comunale ""R. Battaglia"""
5174,FC Pavia 1911,2011-11-03,https://www.fcpavia1911.it,Pietro Fortunati
10867,AS Béziers,2016-10-13,https://www.asb-foot.com/,Parc des Sports de Sauclières
12770,SM Caen B,2013-11-17,https://www.smcaen.fr,Stade de Venoix - Claude-Mercier
18892,FSV Bernau,1990-06-12,https://www.fsvbernau.de,Sportplatz Bernau-Rehberge
1039,Queens Park Rangers,1882-01-01,https://www.qpr.co.uk,Loftus Road Stadium
969,Montpellier HSC,1974-01-01,https://www.mhscfoot.com,Stade de la Mosson
1072,Peterborough United,2034-05-17,https://www.theposh.com,Weston Homes Stadium
6195,SSC Napoli,2026-08-01,https://www.sscnapoli.it,Stadio Diego Armando Maradona
23826,RB Leipzig,2009-05-19,https://rbleipzig.com,Red Bull Arena
1150,Leyton Orient,1881-01-01,https://www.leytonorient.com,Matchroom Stadium
26883,USD Sestri Levante 1919,2019-09-27,https://www.ussestrilevante.it,Giuseppe Sivori
3818,Farsley Celtic,2021-08-05,https://www.farsleyceltic.com,The Citadel
3822,Weymouth FC,,,Bob Lucas Stadium
3697,Morecambe FC,2020-05-07,https://www.morecambefc.com/,Mazuma Stadium
355,Bolton Wanderers,1874-01-01,https://www.bwfc.co.uk/,University of Bolton Stadium
352,Swindon Town,1881-01-01,https://www.swindontownfc.co.uk,County Ground
1557,Würzburger Kickers,2007-11-17,https://www.wuerzburger-kickers.de,Flyeralarm Arena
3524,Clermont Foot 63,2011-10-11,https://www.clermontfoot.com,Stade Gabriel-Montpied
9624,SV Schalding-Heining,2046-05-22,https://www.svs-passau.de,Sportanlage Reuthinger Weg
13562,Savona FBC,2006-11-30,https://www.savonafbc.it,Valerio Bacigalupo
57930,Marignane Gignac FC (-2022),2024-06-06,https://www.mgfc-foot.com/,Stade Saint-Exupéry
5296,Werderaner FC Viktoria 1920,2020-07-11,https://www.werderanerfc.de,Arno-Franz-Sportplatz
4795,FC Ingolstadt 04,2004-02-05,https://www.fcingolstadt.de,Audi Sportpark
1028,Millwall FC,1885-01-01,https://www.millwallfc.co.uk,The Den
3696,Dagenham & Redbridge FC,1992-01-01,https://www.daggers.co.uk,Victoria Road
11177,Fleetwood Town,2007-11-30,https://www.fleetwoodtownfc.com,Highbury Stadium
473,1.FC Nuremberg II,2000-05-04,https://www.fcn.de,Grundig-Stadion
18465,Breesener SV Guben-Nord,2017-05-29,https://www.bsvgubennord.de,An der Baumschule
29,Everton FC,1878-06-01,https://www.evertonfc.com,Goodison Park
38322,AC Bra,2013-05-01,https://www.acbra.it,Attilio Bravi
30679,Blau-Weiß Petershagen-Eggersdorf,1995-07-01,https://www.sv-blau-weiss.net,Waldsportplatz (Platz 1)
394,FC Amberg,2014-06-03,https://fcamberg.de,Stadion Am Schanzl
180,Southampton FC,1885-11-21,https://www.southamptonfc.com,St Mary's Stadium
1084,Málaga CF,2047-11-30,https://www.malagacf.com,La Rosaleda
11273,Rodez AF,2029-01-01,https://rodezaveyronfootball.com,Stade Paul-Lignon
1564,FC Rouen 1899,1899-07-11,https://www.fcrouen.net,Stade Robert Diochon
2921,Delfino Pescara 1936,2036-07-04,https://www.pescaracalcio.com,Adriatico
15,Bayer 04 Leverkusen,2004-07-01,https://www.bayer04.de,BayArena
5646,VfB Eichstätt,2020-08-01,https://www.vfb-eichstaett.de,Liqui Moly Stadion
21688,US Concarneau,2011-03-11,https://www.usc-concarneau.com/,Stade Guy Piriou
44,Hertha BSC,1892-07-25,https://www.herthabsc.com,Olympiastadion Berlin
23,Eintracht Braunschweig,1895-12-15,https://www.eintracht.com,EINTRACHT-Stadion
25,FC Energie Cottbus,2066-01-31,https://www.fcenergie.de,Stadion der Freundschaft
350,Sheffield United,1889-03-22,https://www.sufc.co.uk,Bramall Lane
59318,Seravezza Pozzi Calcio,2006-06-01,https://sites.google.com/site/asseravezza/home,Stadio Buon Riposo
3911,Stade Brestois 29,2050-06-26,https://www.sb29.bzh,Stade Francis-Le Blé
26197,US Colomiers,2017-12-09,,Complexe Sportif Capitany 1
3684,Stevenage FC,1975-11-30,https://www.stevenagefc.com,The Lamex Stadium
6574,US Sassuolo,2020-07-17,https://www.sassuolocalcio.it,Mapei Stadium - Città del Tricolore
17130,AS Saint-Priest,2045-01-01,,Stade Jacques-Joly
10,Arminia Bielefeld,2005-05-03,https://www.arminia-bielefeld.de,SchücoArena
22258,USD Lavagnese 1919,2019-06-20,https://www.lavagnese.com,Stadio Edoardo Riboli
79,VfB Stuttgart,1893-09-09,https://www.vfb.de,Mercedes-Benz Arena
1341,SV Seligenporten,2049-07-23,https://www.svs-seligenporten.de,M.A.R. Arena
18,Borussia Mönchengladbach,2000-08-01,https://www.borussia.de,Stadion im Borussia-Park
4191,FC Pipinsried,2067-08-11,https://www.fcpipinsried.de,NAT-Arena
8354,SV Oberachern,2028-01-01,https://www.svoberachern.de/,Waldsee-Stadion
349,Barnsley FC,1887-01-01,https://www.barnsleyfc.co.uk,Oakwell Stadium
24898,AC Renate,2047-01-01,https://www.acrenate.it/,Città di Meda
3679,Atlético de Madrid B,2003-04-26,https://en.atleticodemadrid.com,Cerro del Espino
28334,Bergerac Périgord FC,2015-11-30,https://www.bergeracperigordfc.fr,Stade de Campréal
1316,TSV Aubstadt,2020-11-30,https://www.tsv-aubstadt.de,Schulstadion
1078,Oldham Athletic,1899-07-04,https://www.oldhamathletic.co.uk,Boundary Park
39368,Pinerolo FC,,,Comunale Barbieri
7123,Maidenhead United,,https://www.maidenheadunited.co.uk,York Road
839,AC Perugia Calcio,2005-06-09,https://www.acperugiacalcio.com,Renato Curi
73,TSV 1860 München II,1860-05-17,https://www.tsv1860.de,Kies-Arena im Sportpark
416,Torino FC,2006-12-03,https://www.torinofc.it,Stadio Olimpico Grande Torino
1049,Valencia CF,2019-03-18,https://valenciacf.com,Mestalla
1777,Stade Briochin,2019-12-09,https://www.stadebriochin.com/,Stade Fred Aubert
1176,Racing Ferrol,2019-10-05,https://www.racingclubferrol.net ,A Malata
3456,Gateshead FC,2021-11-22,https://www.gateshead-fc.com,Gateshead International Stadium
4159,Carrarese Calcio 1908,2007-11-30,https://www.carraresecalcio.it,Stadio dei Marmi
2497,Real Oviedo,2026-03-26,https://www.realoviedo.es,Carlos Tartiere
1127,FC Halifax Town,2007-11-30,https://www.halifaxafc.co.uk,The Shay
6340,Braintree Town,1898-09-24,https://www.braintreetownfc.org.uk,Cressing Road Stadium
4310,Blyth Spartans,2019-04-06,https://www.blythspartans.com,Croft Park
862,Chievo Verona,2028-11-30,https://www.chievoverona.it,Marcantonio Bentegodi
8235,FCSR Haguenau,,,Parc des Sports d'Haguenau
533,TSG 1899 Hoffenheim,1899-07-01,https://www.tsg-hoffenheim.de,PreZero Arena
3302,UD Almería,1989-07-26,https://www.udalmeriasad.com,Power Horse Stadium
8152,RC Lens B,2006-01-01,https://www.rclens.fr,Stade François-Blin
11204,Stade Reims B,2031-06-18,https://www.stade-de-reims.com,Stade Louis-Blériot
1319,Ludwigsfelder FC,1996-05-30,https://www.ludwigsfelder-fc.de,Waldstadion
12658,Guiseley AFC,2018-11-12,https://guiseleyafc.co.uk,Nethermoor Park
1147,AC Ajaccio,2010-03-01,https://www.ac-ajaccio.com,Stade François-Coty
4553,US Pergolettese 1932,2032-11-18,https://www.uspergolettese.it,Giuseppe Voltini
1074,Tranmere Rovers,1884-01-01,https://www.tranmererovers.co.uk,Prenton Park
5086,SO Romorantin,2030-05-05,https://soromorantin.com/,Stade Jules-Ladoumègue
11,Arsenal FC,1886-12-01,https://www.arsenal.com,Emirates Stadium
24,Eintracht Frankfurt,1899-03-08,https://www.eintracht.de,Deutsche Bank Park
3537,Crawley Town,1896-01-01,https://www.crawleytownfc.com,Broadfield Stadium
8981,Bromley FC,,,H2T Group Stadium
366,Real Valladolid CF,2028-06-20,https://www.realvalladolid.es,Nuevo José Zorrilla
1112,Wrexham AFC,,https://www.wrexhamafc.co.uk,Racecourse Ground
3721,Alfreton Town,2058-11-30,https://www.alfretontownfc.com,Impact Arena
347,FC Metz,2032-09-11,https://www.fcmetz.com,Stade Saint-Symphorien
897,Deportivo de La Coruña,2006-05-11,https://www.rcdeportivo.es/,Abanca Riazor
38,Fortuna Düsseldorf,1895-05-05,https://www.fortuna-duesseldorf.de,MERKUR SPIEL-ARENA
2969,Dijon FCO,1998-07-01,https://www.dfco.fr,Stade Gaston-Gérard
332,SSC Bari,2008-01-15,https://www.sscalciobari.it,San Nicola
86,SV Werder Bremen,1899-02-04,https://werder.de,Wohninvest-Weserstadion
1025,Bologna FC 1909,2009-10-03,https://www.bolognafc.it,Stadio Renato Dall’Ara
68,SSV Reutlingen 05,2005-05-09,https://fussball.ssv-reutlingen.de,Stadion an der Kreuzeiche
358,Charlton Athletic,2005-01-01,https://www.cafc.co.uk,The Valley
16662,FC Lorient B,2026-04-02,https://www.fclweb.fr,Stade Jean Charter
28559,CA Bastia,2020-01-01,https://www.ca-bastia.com,Stade Armand-Cesari
1218,Torquay United,,https://www.torquayunited.com,Plainmoor
3166,Pau FC,2016-10-21,https://www.paufc.fr/web/,Nouste Camp
50260,Internacional de Madrid,2019-10-13,https://interdemadrid.com/,Campo Municipal de Villaviciosa de Odón
41470,Borgaro Nobis 1965,2022-01-28,,Walter Righi
618,AS Saint-Étienne,2033-06-01,https://www.asse.fr,Stade Geoffroy-Guichard
2455,Bristol Rovers,1883-09-01,https://www.bristolrovers.co.uk,Memorial Stadium
4167,1913 Seregno Calcio,2013-03-01,https://www.seregnocalcio.com,"Stadio Comunale ""Ferruccio"""
1408,Piacenza Calcio 1919,2019-06-30,https://www.piacenzacalcio.it,Leonardo Garilli
580,MSV 1919 Neuruppin,2019-04-01,https://msv-neuruppin.com,Volksparkstadion
23226,Leamington FC,1890-11-30,https://www.leamingtonfc.co.uk,Your Co-Op Community Stadium
1280,Preussen Eberswalde,2009-07-01,https://www.fvpreussen-eberswalde.de,Westendstadion
2086,1.FC Bruchsal,1899-11-30,https://www.1fc-bruchsal.de,Sportzentrum Bruchsal - Platz 1
5379,FC Augsburg II,2007-08-08,https://www.fcaugsburg.de,Rosenaustadion
26860,SC Caronnese,2031-11-30,https://caronnese.com,Campo Sportivo Comunale
410,Udinese Calcio,1896-07-05,https://www.udinese.it,Dacia Arena
10004,Paris FC,2069-01-01,https://parisfc.fr,Stade Charléty
1531,Elche CF,2022-08-28,https://www.elchecf.es,Manuel Martínez Valero
5650,Pontevedra CF,2041-10-16,https://www.pontevedracf.com,Pasarón
269,Holstein Kiel,2000-10-07,https://www.holstein-kiel.de,Holstein-Stadion
631,Chelsea FC,2005-03-10,https://www.chelseafc.com,Stamford Bridge
56801,GS Arconatese,2026-01-01,https://www.gsarconatese.it,"Comunale ""R. Battaglia"""
41824,ACD Pro Dronero,,,Stadio Filippo Drago
105,SV Darmstadt 98,1898-05-22,https://www.sv98.de,Merck-Stadion am Böllenfalltor
22,Derby County,1884-02-05,https://www.dcfc.co.uk,Pride Park Stadium
991,Milton Keynes Dons,2004-06-01,https://www.mkdons.com,Stadium mk
167,FC Augsburg,2007-08-08,https://www.fcaugsburg.de,WWK ARENA
1020,Portsmouth FC,1898-04-05,https://www.portsmouthfc.co.uk,Fratton Park
3,1.FC Köln,2048-02-13,https://www.fc-koeln.de,RheinEnergieSTADION
4541,UC AlbinoLeffe,1998-06-10,https://www.albinoleffe.com,AlbinoLeffe Stadium
10874,Stade Bordelais,2017-12-09,https://stade-bordelais-football.com,Stade Sainte-Germaine
26789,FC Pro Vercelli 1892,1891-11-30,https://www.fcprovercelli.it,Silvio Piola
26955,USD Brianza Olginatese,,,Comunale di Olginate
244,Olympique Marseille,1899-08-31,https://www.om.fr,Orange Vélodrome
13227,Coruxo FC,2029-11-30,https://www.coruxofc.com,O Vao
30006,1.CfR Pforzheim,2010-07-03,https://www.1cfr.de,KRAMSKI-ARENA
13523,Les Herbiers VF,2016-10-21,https://www.vendeelesherbiersfootball.fr/,Stade Massabielle
375,FC Germania Friedrichstal,2013-11-23,https://www.fcfriedrichstal.de,Stutensee-Stadion
458,Palermo FC,2019-07-24,https://www.palermofc.com,"Comunale Renzo Barbera ""La Favorita"""
7048,Bradford (Park Avenue),,https://www.bpafc.com,Horsfall Stadium
17,Borussia Dortmund II,2009-12-19,https://www.bvb.de,Rote Erde
1416,Amiens SC,2001-10-06,https://www.amiensfootball.com,Stade Crédit Agricole la Licorne
17442,Football Club Fleury 91,2020-05-14,https://www.fcfleury91.fr,Stade Auguste Gentelet
27490,C'Chartres Football,2019-09-03,,Stade Jacques-Couvret
4171,Benevento Calcio,2029-09-06,https://www.beneventocalcio.club,Ciro Vigorito
24063,Stade Plabennecois,2020-10-11,https://www.plab29.com/,Stade de Kervéguen
8393,BSC Preußen 07 Blankenfelde-Mahlow,2007-07-07,https://www.bscpreussen07.com,Sportplatz Beethovenstraße
61431,FC Borgo,2019-12-19,,Complexe sportif de Borgo
72,TSV 1860 Munich,1860-05-17,https://www.tsv1860.de,Städtisches Stadion an der Grünwalder Straße
1964,SV Spielberg,2020-04-07,https://www.sv-spielberg1920.de,Bechtle-Stadion
2,1.FC Kaiserslautern,2000-06-02,https://www.fck.de,Fritz-Walter-Stadion
2262,Plymouth Argyle,1886-01-01,https://www.pafc.co.uk,Home Park
12335,Solihull Moors,2007-07-10,https://www.solihullmoorsfc.co.uk,The Automated Technology Group Stadium
3037,Calcio Padova,2010-01-29,https://www.padovacalcio.it/,Euganeo
677,Ipswich Town,1878-01-01,https://www.itfc.co.uk,Portman Road
951,FC 08 Villingen,2008-10-01,https://www.fcvillingen.de,MS-Technologie-Arena
572,Stuttgarter Kickers II,1899-09-21,https://www.stuttgarter-kickers.de,BZA Waldau
714,RCD Espanyol Barcelona,2000-10-20,https://www.rcdespanyol.com,RCDE Stadium
703,Nottingham Forest,1865-01-01,https://nottinghamforest.co.uk,The City Ground
1194,Rotherham United,1870-01-01,https://www.themillers.co.uk,New York Stadium
607,Venezia FC,2007-01-01,https://www.veneziafc.it/,Pier Luigi Penzo
11610,Las Palmas Atlético,2049-08-22,https://www.udlaspalmas.es,Anexo Estadio Gran Canaria
12,AS Roma,2027-06-07,https://www.asroma.it,Olimpico di Roma
21,Chemnitzer FC,2066-01-15,https://www.chemnitzerfc.de,Stadion - An der Gellertstraße
1386,Reggina 1914,2014-01-11,https://www.reggina1914.it,Oreste Granillo
9690,FC Bassano 1903,2020-05-31,https://www.bassanovirtus.com,Rino Mercante
54318,USD Real Forte Querceta,2012-06-18,https://realfortequerceta.it/,"Comunale ""Necchi Balloni"""
418,Real Madrid,2002-03-06,https://realmadrid.com,Santiago Bernabéu
127,SC Paderborn 07,1985-06-01,https://www.scpaderborn07.de,Home Deluxe Arena
1420,Angers SCO,2019-10-19,https://www.angers-sco.fr,Stade Raymond Kopa
69,SSV Ulm 1846,2070-05-05,https://www.ssvulm1846-fussball.de,Donaustadion
1423,Valenciennes FC,2013-01-01,https://www.va-fc.com,Stade du Hainaut
762,Newcastle United,1892-12-09,https://www.nufc.co.uk,St James' Park
30611,Stade Montois,2020-10-10,https://stade-montois.org/wp/football/,Stade Municipal de l'Argenté 
1246,TSV 1860 Rosenheim,1860-10-20,https://www.tsv1860-ro.de,Jahnstadion
1159,AS Nancy-Lorraine,2067-06-16,https://www.asnl.net,Stade Marcel-Picot
1195,Kidderminster Harriers,1885-11-30,https://www.harriers.co.uk,Aggborough
4102,AC Carpi,2008-11-30,https://www.carpicalcio.it,Sandro Cabassi
26119,Athlético Marseille (-2022),2064-01-01,https://www.marseille-consolat.com/,Stade La Martine
26250,ASD Pro Eureka,2016-11-16,https://www.prosettimoeureka.it,Comunale Renzo Valla
30612,US Saint-Malo,2020-10-11,https://www.ussm.fr/,Stade de Marville
22672,AFC Fylde,1988-01-01,https://www.afcfylde.co.uk,Mill Farm
826,RC Lens,2006-01-01,https://www.rclens.fr,Stade Bollaert-Delelis
1027,Bradford City,2003-05-25,https://www.bradfordcityfc.co.uk,Northern Commercials Stadium
20685,VfB 1921 Krieschow,2021-04-20,https://www.vfb-krieschow.de,Sportpark Krieschow
16492,UD Melilla,2043-02-06,https://udmelilla.es,Álvarez Claro
16646,UP Langreo,2061-07-04,https://uplangreo.es,Ganzábal
276,Hellas Verona,2003-09-30,https://www.hellasverona.it,Marcantonio Bentegodi
4084,AS Cittadella,1973-06-21,https://www.ascittadella.it,Piercesare Tombolato
2963,Burton Albion,2049-11-30,https://www.burtonalbionfc.co.uk,Pirelli Stadium
31367,Chester FC,2009-11-30,https://www.chesterfc.com,Deva Stadium
7317,Union Klosterfelde,2019-09-09,https://www.union-klosterfelde.com,Stadion an der Mühlenstraße
667,RC Strasbourg Alsace,2006-01-01,https://www.rcstrasbourgalsace.fr,Stade de la Meinau
22204,Derthona FBC,2008-05-01,https://www.hslderthona.it,Fausto Coppi
65,SpVgg Greuther Fürth,2003-09-23,https://www.sgf1903.de,Sportpark Ronhof | Thomas Sommer
46842,Hereford FC,2015-06-09,https://www.herefordfc.co.uk,Edgar Street
10868,US Orléans,2020-01-01,https://www.usofoot.com,Stade de la Source
3498,SV Victoria Seelow,1990-09-30,https://www.victoria-seelow.de,Sparkassenarena
3489,Boston United,2033-01-01,https://www.bostonunited.co.uk,The Jakemans Stadium
1252,York City,2021-11-30,https://www.yorkcityfootballclub.co.uk,York Community Stadium
22266,AVC Vogherese,2017-02-07,https://www.oltrepovoghera.it,Stadio Giovanni Parisi
993,Córdoba CF,2053-11-30,https://www.cordobacf.com,Nuevo Arcángel
2978,US Lusitanos Saint-Maur,2066-07-06,https://www.uslusitanos.fr,Stade Adolphe-Chéron
12456,Türkgücü München,2017-01-13,https://www.turkgucu.de,Olympiastadion München
873,Crystal Palace,2005-01-01,https://www.cpfc.co.uk,Selhurst Park
685,BSG Stahl Brandenburg,2050-11-20,https://www.bsg-stahl-brandenburg.de,Stadion am Quenz
2454,Doncaster Rovers,1879-09-01,https://www.doncasterroversfc.co.uk,Keepmoat Stadium
12276,Olympique Saint-Quentin,2020-01-01,https://osqfootball.footeo.com/,Stade Paul-Debrésie
1220,Carlisle United,2004-05-17,https://www.carlisleunited.co.uk,Brunton Park
1421,Stade Reims,2031-06-18,https://www.stade-de-reims.com,Stade Auguste-Delaune
648,CD Tenerife,2022-08-08,https://www.clubdeportivotenerife.es,Heliodoro Rodríguez López
1103,Ternana Calcio,2025-10-02,https://www.ternanacalcio.com,Libero Liberati
7042,US Boulogne,1898-01-01,https://www.usbco.com,Stade de la Libération
4671,Asdc Verbania,2019-10-07,https://asdcverbaniacalcio.it,Carlo Pedroli
1203,FC Nöttingen,2057-07-02,https://www.fc-noettingen.de,Kleiner Arena
6688,Bilbao Athletic,1897-11-30,https://www.athletic-club.eus,Instalaciones de Lezama
6692,Novara FC,2008-12-22,https://www.novarafootballclub.it,Silvio Piola
10003,AS Poissy,2004-04-09,https://www.aspoissyfoot.com/,Stade Léo Lagrange
995,FC Nantes,2043-04-21,https://www.fcnantes.com,Stade de la Beaujoire
750,FC Sochaux-Montbéliard,2028-01-01,https://www.fcsochaux.fr,Stade Auguste-Bonal
745,Freiburger FC,1897-12-17,https://www.ffc.de/,Duraku-Bau Arena im Dietenbach-Sportpark
8983,SpVgg Neckarelz,2021-01-01,https://www.spvgg-neckarelz.de,Elzstadion
3709,Getafe CF,1983-07-08,https://www.getafecf.com,Coliseum Alfonso Pérez
39,1.FSV Mainz 05,2005-03-16,https://www.mainz05.de,Mewa Arena
985,Manchester United,1878-03-05,https://www.manutd.com,Old Trafford
1290,Grenoble Foot 38,1892-01-01,https://www.gf38.fr,Stade des Alpes
1262,FSV 08 Bietigheim-Bissingen,2007-11-30,https://fsv08.de/,Sportgelände am Bruchwald (Platz 1)
1253,Lucchese 1905,2005-05-25,https://www.lucchese1905.it,Porta Elisa
13286,Chorley FC,2019-07-02,https://www.chorleyfc.com,Victory Park
33470,TSV Ilshofen,2018-08-08,https://www.tsv-ilshofen.de,B+S Stadion
565,SV Viktoria Aschaffenburg,2001-08-06,https://www.sva01.de,Stadion am Schönbusch
13241,UD Ibiza,2015-07-31,https://www.ibizaud.com/,Palladium Can Misses
1622,FC Viktoria Köln,2010-06-22,https://www.viktoria1904.de,Stadion im Sportpark Höhenberg
273,Stade Rennais FC,2001-03-10,https://www.staderennais.com,Roazhon Park
2239,US Cremonese,2003-03-24,https://www.uscremonese.it,Giovanni Zini
91,Preußen Münster,2006-04-30,https://www.scpreussen-muenster.de,Preußenstadion
3371,Cheltenham Town,1870-01-01,https://www.ctfc.com,Jonny-Rocks Stadium
1045,Notts County,1862-11-28,https://www.nottscountyfc.co.uk,Meadow Lane
11483,FC Vado,2013-11-01,https://www.vadofc.it,Comunale Ferruccio Chittolina
27340,Acqui US 1911,,,Comunale Jona Ottolenghi
6708,VfR Garching,2020-11-30,https://vfr-garching.de,GARMIN Stadion am See
380,US Salernitana 1919,2019-06-19,https://www.ussalernitana1919.it,Arechi
1162,SM Caen,2013-11-17,https://www.smcaen.fr,Stade Michel-d'Ornano
8733,Celta Vigo B,2023-08-23,https://www.rccelta.es,Barreiro
38705,CA Pontarlier,2019-09-03,,Stade Paul Robbe
1377,Vannes OC,1998-01-01,https://www.vocfoot.net,Stade de la Rabine
1175,LB Châteauroux,1883-01-01,https://www.berrichonne.net,Stade Gaston-Petit
27349,ASD Chieri Calcio,2054-11-30,https://www.calciochieri1955.it,Piero De Paoli
4,1.FC Nuremberg,2000-05-04,https://www.fcn.de,Max-Morlock-Stadion
4083,FC Crotone,2022-11-30,https://www.fccrotone.it,Ezio Scida
4068,SV Schwarz-Rot Neustadt/Dosse,,https://www.schwarzrotneustadt.de,Sportplatz Schulstraße
4146,Aurora Pro Patria,2019-01-01,https://www.aurorapropatria1919.it/,Carlo Speroni
1034,Grimsby Town,1878-01-01,https://www.grimsby-townfc.co.uk,Blundell Park
1244,CD Leganés,2028-06-23,https://www.cdleganes.com/,Butarque
2413,Bury FC,2019-12-01,https://buryafc.uk/,Gigg Lane
1390,Cagliari Calcio,2020-05-30,https://www.cagliaricalcio.com,Unipol Domus
13466,FC Versailles 78,2060-01-01,https://fcversailles.com,Stade Jean Bouin
37421,TSG Einheit Bernau,,,Sportplatz am Wasserturm
9668,AS Monaco U21,2019-08-01,https://www.asmonaco.com/en,
83,VfR Aalen,2021-03-08,https://www.vfr-aalen.de,Ostalb Arena
35012,FC Chambly Oise,1989-06-01,https://www.fcchambly.com/,Stade des Marais
1148,Brentford FC,1889-10-09,https://www.brentfordfc.co.uk,Brentford Community Stadium
1154,Red Star FC,1897-02-21,https://www.redstar.fr,Stade Bauer
12321,Girona FC,2030-07-25,https://www.gironafc.cat,Montilivi
66,SpVgg Unterhaching,2025-01-01,https://www.spvggunterhaching.de,Sportpark Unterhaching
9439,Feralpisalò,2009-01-01,https://www.feralpisalo.it,Lino Turina
8158,OGC Nice B,2004-07-09,https://www.ogcnice.com,Stade Charles-Ehrmann
16795,Granada CF,2031-04-14,https://www.granadacf.es,Nuevo Los Cármenes
30,FC Hansa Rostock,2065-12-28,https://www.fc-hansa.de,Ostseestadion
1035,Sheffield Wednesday,1867-09-04,https://www.swfc.co.uk,Hillsborough
494,Sporting Club de Toulon,2045-06-25,https://www.sctoulon.fr,Stade de Bon Rencontre
4255,SS Arezzo,2023-09-10,https://www.ssarezzo.it,Città di Arezzo
1108,Deportivo Alavés,2021-01-23,https://www.alaves.com,Mendizorroza
8970,Frosinone Calcio,2011-11-30,https://www.frosinonecalcio.com,Benito Stirpe
37486,Darlington FC,2012-06-25,https://darlingtonfc.co.uk,Blackwell Meadows
7980,Grün-Weiß Brieselang,2016-05-17,https://www.sv-gruen-weiss-brieselang.de,Fichte-Sportplatz
368,Sevilla FC,1890-01-25,https://www.sevillafc.es,Ramón Sánchez-Pizjuán
855,EA Guingamp,2012-01-01,https://www.eaguingamp.com,Stade du Roudourou
129,SG Dynamo Dresden,2053-04-12,https://www.dynamo-dresden.de,Rudolf-Harbig-Stadion
38290,Pro Piacenza 1919,2019-01-01,https://www.propiacenza.it,Leonardo Garilli
3936,Dover Athletic,1982-11-30,https://www.doverathletic.com,The Perrys Crabble Stadium
738,AC Le Havre,1872-01-01,https://www.hac-foot.com,Stade Océane
11245,UD San Sebastián de los Reyes,2021-08-20,https://ud-sanse.com/,Nuevo Matapiñonera
11374,Jeanne d'Arc de Drancy,2017-01-04,https://www.ja-drancy.com,Stade Charles-Sage
1110,Huddersfield Town,2008-01-01,https://www.htafc.com,John Smith's Stadium
38547,Iris Club de Croix,,,Centre sportif Henri Seigneur
38993,SSD Argentina Arma,2016-08-12,https://www.argentinaarma.it,Ezio Sclavi
752,SpVgg Bayreuth,2021-07-23,https://www.spvgg-bayreuth.de,Hans-Walter-Wild-Stadion
22227,Borgosesia Calcio,2025-01-01,https://www.borgosesiacalcio.com/,Comunale di Borgosesia
1082,LOSC Lille,2044-09-23,https://www.losc.fr,Decathlon Arena-Stade Pierre-Mauroy
543,Wolverhampton Wanderers,1877-01-13,https://www.wolves.co.uk,Molineux Stadium
2722,SPAL,2006-11-30,https://www.spalferrara.it,Paolo Mazza
56966,Albissola 2010,2010-06-01,https://www.albissola2010.it/,Stadio Comunale di Chiavari
103,1.FC Schweinfurt 05,2005-05-05,https://www.fcschweinfurt05.de,Sachs-Stadion
3825,Kettering Town,,https://www.ketteringtownfc.co.uk,Nene Park
82,VfL Wolfsburg,2045-09-12,https://vfl-wolfsburg.de,Volkswagen Arena
706,1.FC Frankfurt (Oder),2051-08-02,https://www.fcfrankfurt.de,Stadion der Freundschaft
440,Hallescher FC,2066-01-26,https://www.hallescherfc.de,Leuna-Chemie-Stadion
1060,Colchester United,2037-01-01,https://www.cu-fc.com,JobServe Community Stadium
621,Athletic Bilbao,1897-11-30,https://www.athletic-club.eus,San Mamés
6767,Real Madrid Castilla,2002-03-06,https://realmadrid.com,Alfredo Di Stéfano
551,FC Eisenhüttenstadt,2015-06-01,https://www.fc-eisenhuettenstadt.de,Sportanlagen der Hüttenwerker
80,VfL Bochum,1848-07-26,https://www.vfl-bochum.de,Vonovia Ruhrstadion
2972,Football Bourg-en-Bresse Péronnas 01,2042-01-01,https://www.fcbourgperonnas.fr,Stade Marcel-Verchère
94,FC Erzgebirge Aue,2046-03-04,https://www.fc-erzgebirge.de,Erzgebirgsstadion
248,SpVgg Bayern Hof,2005-07-01,https://www.bayern-hof.de,Stadion Grüne Au
2250,AC Prato,2008-10-27,https://www.acprato.it/,Lungobisenzio
1042,Crewe Alexandra,1877-01-01,https://www.crewealex.net,Mornflake Stadium
4554,FC Südtirol,1974-01-01,https://www.fc-suedtirol.com,Druso
19,Brescia Calcio,2011-07-17,https://www.bresciacalcio.it,Mario Rigamonti
417,OGC Nice,2004-07-09,https://www.ogcnice.com,Allianz Riviera
1095,ESTAC Troyes,1986-01-01,https://www.estac.fr,Stade de l'Aube
49229,SV Frankonia Wernsdorf,,,Sportplatz Wernsdorf
1193,Bahlinger SC,2029-06-16,https://www.bahlingersc.de,Kaiserstuhlstadion
379,West Ham United,1895-01-01,https://www.whufc.com,London Stadium
28,FC Bayern Munich II,2000-02-27,https://fcbayern.com,Städtisches Stadion an der Grünwalder Straße
2577,Hartlepool United,2008-06-05,https://www.hartlepoolunited.co.uk,Victoria Park
800,Atalanta BC,2007-10-17,https://www.atalanta.it,Gewiss Stadium
110,SV Wacker Burghausen,2030-11-13,https://www.wacker1930.de,Wacker-Arena
990,Coventry City,1883-01-01,https://www.ccfc.co.uk,Coventry Building Society Arena
7681,FC Ingolstadt 04 II,2004-02-05,https://www.fcingolstadt.de,ESV-Stadion
749,FC Empoli,2020-03-30,https://www.empolifc.com,Carlo Castellani
1165,FC Martigues,2021-12-01,,Stade Francis-Turcan
1132,Burnley FC,1882-01-01,https://www.burnleyfootballclub.com,Turf Moor
41804,US Inveruno,,,Centro Sportivo Comunale
35,FC St. Pauli,2010-05-15,https://www.fcstpauli.com,Millerntor-Stadion
11027,FSV Hollenbach,2070-02-02,https://www.fsv-hollenbach.de,JAKO-Arena
9826,Olbia Calcio 1905,2006-01-12,https://www.olbiacalcio.com,Bruno Nespoli
9202,USL Dunkerque,2008-11-30,https://www.usldunkerque.com,Stade Marcel-Tribut
40,FC Girondins Bordeaux,1881-10-01,https://www.girondins.com,Matmut Atlantique
367,Rayo Vallecano,2024-05-29,https://www.rayovallecano.es,Campo de Fútbol de Vallecas
18699,Sport-Union Neckarsulm,2009-01-01,https://www.nsu-fussball.de,Stadion im Sportzentrum Pichterich
18669,Penya Deportiva Santa Eulalia,,,Municipal Santa Eulalia del Rio
1038,UC Sampdoria,2046-08-12,https://www.sampdoria.it,Luigi Ferraris
1219,Chesterfield FC,1866-01-01,https://www.chesterfield-fc.co.uk,Proact Stadium
12331,Sporting de Gijón B,2059-11-30,https://www.realsporting.com,Campo Pepe Ortiz
3884,AFC Wimbledon,1889-01-01,https://www.afcwimbledon.co.uk,Plough Lane
13556,Curzon Ashton,2021-08-12,https://www.curzon-ashton.co.uk,Tameside Stadium
3161,Tours FC,2019-01-01,https://www.toursfc.fr,Stade de la Vallée du Cher
5648,Gimnàstic de Tarragona,2013-11-30,https://www.gimnasticdetarragona.com,Nou Estadi Costa Daurada
24718,1.FC Rielasingen-Arlen,2006-08-28,https://www.fc-rielasingen-arlen.de,Talwiese Rielasingen
13702,CF Rayo Majadahonda,2020-01-27,https://www.rayomajadahonda.es/,Cerro del Espino
1302,Northampton Town,1897-01-01,https://www.ntfc.co.uk,Sixfields Stadium
1160,Nîmes Olympique,2037-04-10,https://www.nimesolympique.fr,Stade des Antonins
30245,Saint-Pryvé Saint-Hilaire FC,2018-12-12,https://www.saintpryvefoot.fr/,Stade du Grand Clos
41053,Etoile Sportive Paulhan-Pézénas,,,Stade des Laures Yves-Cros
34888,Salford City,2040-01-01,https://salfordcityfc.co.uk,The Peninsula Stadium
26251,US Folgore Caratese,2016-12-11,https://www.folgorecaratese.it/,Centro Sportivo XXV Aprile
5280,Offenburger FV,2007-07-20,https://www.offenburgerfv.de,Karl-Heitz-Stadion
164,Blackburn Rovers,1875-11-05,https://www.rovers.co.uk,Ewood Park
36693,RC Pays de Grasse,,https://www.rcgrasse.fr/,Stade de la Paoute
12764,Olympique Lyon B,2050-08-03,https://ol.fr,Groupama OL Academy
31,Liverpool FC,1892-03-15,https://www.liverpoolfc.com,Anfield
56600,ASD HSL Derthona,,,Stadio Fausto Coppi
430,ACF Fiorentina,2026-08-29,https://www.acffiorentina.com/,Artemio Franchi
2797,Ebbsfleet United,2046-04-01,https://www.ebbsfleetunited.co.uk,Stonebridge Road
5358,SD Huesca,2060-03-29,https://www.sdhuesca.es,El Alcoraz
415,FC Toulouse,2037-01-01,https://www.toulousefc.com,Stadium Municipal
7679,TSV Buchbach,2012-11-30,https://www.tsv-buchbach.de,SMR-Arena
10390,Sanremese Calcio,2004-01-01,https://www.sanremesecalcio.it/,Comunale di Sanremo
1081,CS Sedan-Ardennes,2019-01-01,https://www.cs-sedan.fr/cssa-football/,Stade Louis-Dugauguez
25639,Hyères 83 FC,2021-07-19,,Stade Perruc
1005,US Lecce,2008-03-16,https://www.uslecce.it,Ettore Giardiniero
7047,Maidstone United,2021-08-12,https://www.maidstoneunited.co.uk,Gallagher Stadium
10391,Eastleigh FC,,https://www.eastleigh-fc.co.uk/home,Silverlake Stadium
3520,FC Sète 34,2014-01-01,https://fcsete34.com,Stade Louis-Michel
14201,US Marseille Endoume,,,Stade Roger Lebert
1031,Luton Town,1885-04-11,https://www.lutontown.co.uk,Kenilworth Road
87,SV Werder Bremen II,1899-02-04,https://werder.de,Weserstadion Platz 11
2964,Scunthorpe United,1899-01-01,https://www.scunthorpe-united.co.uk,Glanford Park
2436,Macclesfield Town (- 2020),1874-01-01,https://www.mtfc.co.uk,Moss Rose
50258,Varesina Calcio,2010-07-01,https://www.varesinacalcio.it/,Varesina Stadium
162,AS Monaco,2019-08-01,https://www.asmonaco.com/en,Stade Louis-II
33,FC Schalke 04,2004-05-04,https://www.schalke04.de,Veltins-Arena
281,Manchester City,1880-11-23,https://mancity.com,Etihad Stadium
28654,ASD Novese,2019-03-31,,Costante Girardengo
60,SC Freiburg,2004-05-30,https://www.scfreiburg.com,Europa-Park Stadion
9899,Real Sociedad B,2008-11-30,https://www.realsociedad.com,Instalaciones de Zubieta
398,SS Lazio,2000-01-09,https://www.sslazio.it,Olimpico di Roma
18687,Atlético Baleares,2020-11-20,https://www.atleticobaleares.com,Balear
41101,Juventus Next Gen,2018-08-03,,Giuseppe Moccagatta
8510,Getafe CF B,1983-07-08,https://www.getafecf.com,Ciudad Deportiva de Getafe
1712,FC Memmingen,2007-05-30,https://www.fc-memmingen.de,Memminger Arena
252,Genoa CFC,1893-09-07,https://www.genoacfc.it,Luigi Ferraris
3717,Aldershot Town,1992-03-01,https://www.theshots.co.uk,The Recreation Ground
41,Hamburger SV,1887-09-29,https://www.hsv.de,Volksparkstadion
4032,SD Ponferradina,2022-06-07,https://www.sdponferradina.com,El Toralín
583,Paris Saint-Germain,2070-08-12,https://psg.fr,Parc des Princes
1410,Sportfreunde Dorfmerkingen,2017-11-14,,Ingenieurbeton Röser Arena
4147,FBC Casale,2009-01-01,https://www.casalefbc.it,Natale Palli
48,Karlsruher SC,2052-10-16,https://www.ksc.de,BBBank  Wildpark
3368,Levante UD,2008-11-30,https://www.levanteud.com,Ciutat de València
408,Ascoli Calcio,1898-11-01,https://www.ascolicalcio1898.it,Cino e Lillo Del Duca
14559,1.Göppinger Sportverein,2005-10-13,https://www.sv-goeppingen.de,Stadion Hohenstaufenstraße
5512,SV Sandhausen II,2016-08-01,https://www.svs1916.de,Walter-Reinhardt-Stadion
2288,Swansea City,2012-09-07,https://www.swanseacity.net,Swansea.com Stadium
1003,Leicester City,1884-01-01,https://www.lcfc.com,King Power Stadium
7124,Quevilly Rouen Métropole,2002-01-01,https://www.qrm.fr/,Stade Robert Diochon
1237,Brighton & Hove Albion,2001-07-24,https://www.brightonandhovealbion.com,AMEX Stadium
30891,Tarbes Pyrénées Football,,,Stade Maurice Trélut
1161,Chamois Niortais FC,2025-01-01,https://www.chamoisniortais.fr,Stade René-Gaillard
25114,Blois Football 41,1999-06-22,https://bloisfootball41.com,Stade municipal des Allées Jean Leroi
21331,Pordenone Calcio,2020-01-01,https://www.pordenonecalcio.com,Omero Tognon
2814,Gillingham FC,1893-05-18,https://www.gillinghamfootballclub.com,Priestfield Stadium
1210,US Livorno 1915,2015-02-15,https://www.uslivorno.com,Armando Picchi
1759,Oranienburger FC Eintracht,2001-03-27,https://www.oranienburger-fc.de,ORAFOL-Arena
46326,Football Club 93 Bobigny,2019-09-03,,Stade Auguste Delaune
30443,Grand Ouest Association Lyonnaise FC,2021-02-12,https://goalfc.fr,Stade Ludovic Giuly
290,AJ Auxerre,2005-12-29,https://www.aja.fr,Stade de l'Abbé-Deschamps
20519,Virtus Entella,2014-03-14,https://www.entella.it/,Stadio Comunale Chiavari
22675,North Ferriby United (- 2019),,,Church Road Ground
1158,FC Lorient,2026-04-02,https://www.fclweb.fr,Stade du Moustoir
1238,SV Heimstetten,2067-01-01,https://www.sv-heimstetten.de,Sportpark Heimstetten
512,Stoke City,1863-01-01,https://stokecityfc.com,bet365 Stadium
641,Middlesbrough FC,1876-01-01,https://www.mfc.co.uk,Riverside Stadium
4682,SV Altlüdersdorf,2070-01-01,https://www.svaltluedersdorf.de,Sport- und Gemeindezentrum Altlüdersdorf
2655,LR Vicenza,2002-03-09,https://www.lrvicenza.net,Romeo Menti
14888,US Città di Pontedera,2011-11-30,https://www.uspontedera.it,Ettore Mannucci
187,1.FC Magdeburg,2065-12-22,https://1.fc-magdeburg.de,MDCC-Arena
1774,FC Mulhouse,1893-01-01,https://www.fcmulhouse.net,Stade de l'Ill
27,Bayern Munich,2000-02-27,https://fcbayern.com,Allianz Arena
30204,FC Annecy,2027-01-01,https://www.fc-annecy.fr/,Parc des Sports d’Annecy
10838,SAS Epinal,2041-01-01,https://www.sasfootball.com,Stade de La Colombière
3867,Boreham Wood FC,,https://www.borehamwoodfootballclub.co.uk,Meadow Park
50047,Fossano Calcio,2019-01-01,https://fossanocalcio.it/,Comunale A. Pochissimo
989,AFC Bournemouth,1899-01-01,https://www.afcb.co.uk,Vitality Stadium
109,SSV Jahn Regensburg,2007-10-04,https://www.ssv-jahn.de,Jahnstadion Regensburg
16736,Las Rozas CF,2066-08-19,,Dehesa de Navalcarbón
972,Yeovil Town,1895-01-01,https://www.ytfc.net,Huish Park
988,Oxford United,1893-10-27,https://www.oufc.co.uk,Kassam Stadium
2721,US Alessandria Calcio 1912,2012-02-18,https://www.alessandriacalcio.it,Giuseppe Moccagatta
17768,Lyon - La Duchère,2064-01-01,https://www.sportingclublyon.fr/,Stade de La Duchère
20877,Brackley Town,1889-11-30,https://www.brackleytownfc.com,St James Park
237,RCD Mallorca,2016-03-05,https://www.rcdmallorca.es,Mallorca Son Moix
38899,King's Lynn Town,2010-01-01,https://www.kltown.co.uk,The Walks
2448,Sporting Gijón,2005-06-01,https://www.realsporting.com,El Molinón - Enrique Castro Quini
26863,Le Puy Foot 43 Auvergne,,https://www.lepuyfoot43.fr,Stade Charles-Massot
21288,Voltigeurs de Châteaubriant,2020-10-11,,Stade de la Ville en Bois
331,CA Osasuna,2020-11-17,https://www.osasuna.es,El Sadar
1387,ACN Siena,2004-09-15,https://acrsiena1904.it,Artemio Franchi
13,Atlético de Madrid,2003-04-26,https://en.atleticodemadrid.com,Civitas Metropolitano
12765,LOSC Lille B,2044-09-23,https://www.losc.fr,Domaine de Luchin
21674,Sainte-Geneviève Sports,2036-11-30,https://www.sgsomnisports.fr,Parc des Sports Léo Lagrange
393,SpVgg Greuther Fürth II,2003-09-23,https://www.sgf1903.de,"Sportzentrum ""Auf der Tulpe"""
18908,SV Zehdenick,2020-01-15,https://http://www.sv-zehdenick.de/,Havelsportplatz Zehdenick
2067,US Créteil-Lusitanos,2036-01-01,https://www.uscl.fr,Stade Dominique-Duvauchelle
2581,Mantova 1911,2011-03-24,https://www.mantova1911.club,Danilo Martelli
506,Juventus FC,1897-11-01,https://www.juventus.com,Allianz Stadium
2652,SV Falkensee/Finkenkrug,2013-01-01,https://www.svff.de,Sportplatz Leistikowstraße
3052,Sutton United,1898-03-05,https://www.suttonunited.net/,Knights Community Stadium
13489,Eintracht Miersdorf/Zeuthen,2012-07-01,https://www.scemz.de,Sportplatz Miersdorf
8241,SC Schiltigheim,2018-12-12,https://www.sportingschiltigheim.fr/,Stade de l'Aar
2036,1.FC Heidenheim 1846,2072-05-27,https://www.fc-heidenheim.de,Voith-Arena
2793,Southend United,2006-01-01,https://www.southendunited.co.uk,Roots Hall
4172,Pisa Sporting Club,2009-04-09,https://pisasportingclub.com,Arena Garibaldi - Romeo Anconetani
3525,SO Cholet,2021-07-07,https://www.socholet.fr/,Stade Omnisports Jean Bouin
1468,FV Illertissen,2020-11-30,https://www.fvillertissen.de,Vöhlin-Stadion
6699,Exeter City,2004-01-01,https://www.exetercityfc.co.uk,St James Park
8178,Entente Sannois Saint-Gratien,1989-06-01,,Stade Michel Hidalgo
6168,Barrow AFC,2000-11-30,https://www.barrowafc.com,Holker Street
18810,VfB Hohenleipisch,,,VfB-Sportgelände
131,FC Barcelona,1899-11-29,https://fcbarcelona.com,Spotify Camp Nou
41156,Sporting Bellinzago,2016-06-10,,Stadio Comunale Bellinzago
42,Hannover 96,1896-04-12,https://www.hannover96.de,Heinz-von-Heiden-Arena
8524,Olympique de Marseille B,1899-08-31,https://www.om.fr,Stade Marcel Cerdan
2296,CD Numancia,2045-04-09,https://www.cdnumancia.com,Los Pajaritos
11407,Gloucester City,1883-03-05,https://www.gloucestercityafc.com,New Meadow Park
10780,FV Ravensburg,1893-01-01,https://www.fv-ravensburg.de,cteam arena
245,SC Freiburg II,2004-05-30,https://www.scfreiburg.com,Dreisamstadion
399,Leeds United,2019-10-17,https://www.leedsunited.com,Elland Road
4117,Wealdstone FC,1899-05-18,https://www.wealdstone-fc.com/,The Freebets.co.uk Stadium
7684,RSV Waltersdorf,,https://www.rsv-waltersdorf09.de,HDS Arena
3008,Hull City,2004-06-28,https://www.wearehullcity.co.uk/,MKM Stadium
254,SV Sandhausen,2016-08-01,https://www.svs1916.de,BWT-Stadion am Hardtwald
5,AC Milan,1899-12-16,https://www.acmilan.com,Giuseppe Meazza
30200,Fréjus-Saint-Raphaël FC,2023-03-06,https://www.etoilefc.fr/,Stade Louis-Hon
17131,ASM Belfort,2015-09-13,https://www.asmbelfortfoot.com/,Stade Roger-Serzian
9881,Jura Sud Foot,1991-01-01,https://www.jurasudfoot.com/,Stade Municipal de Moirans-en-Montagne
681,Real Sociedad,2008-11-30,https://www.realsociedad.com,Reale Arena 
2962,Altrincham FC,,https://www.altrinchamfc.co.uk/alty1.htm,J. Davidson Stadium
2804,Barnet FC,1888-01-01,https://www.barnetfc.com,The Hive Stadium
1071,Wigan Athletic,2032-01-01,https://www.wiganlatics.co.uk,DW Stadium
2254,Pro Sesto 1913,2012-11-30,https://www.acprosesto.it,Breda
26871,US Avranches,1897-10-09,https://us-avranches.fr/,Stade René Fenouillère
834,TSG Balingen,1847-11-30,https://www.tsg-fussball.de,Bizerba-Arena (Spielfeld 1)
14707,Real Oviedo Vetusta,2026-03-26,https://www.realoviedo.es,El Requexón
44223,AS Giana Erminio,2009-01-01,https://www.asgiana.com,Comunale Città di Gorgonzola
3820,Mansfield Town,1897-01-01,https://www.mansfieldtown.net,One Call Stadium
4361,Varese Calcio,2010-03-22,https://www.calciovarese.it,Franco Ossola
18633,FC Villefranche-Beaujolais,2016-01-31,https://fcvb.fr/,Stade Armand-Chouffet
34649,GSD RapalloBogliasco,,,comunale Macera
1041,Olympique Lyon,2050-08-03,https://ol.fr,Groupama Stadium
45922,Spennymoor Town,2004-11-30,https://www.spennymoortownfc.co.uk,The Brewery Field
9829,Southport FC,,https://www.southportfc.net/,The Pure Stadium
22202,USD Fezzanese,2016-08-12,https://www.fezzanese.it/,Stadio Miro Luperi
95,KFC Uerdingen 05,2005-11-17,https://www.kfc-uerdingen.de,Grotenburg-Stadion
3558,GFC Ajaccio,2010-01-01,https://www.gfca-foot.com,Stade Ange-Casanova
142,Real Zaragoza,2032-03-18,https://www.realzaragoza.com,La Romareda
984,West Bromwich Albion,1878-11-01,https://www.wba.co.uk,The Hawthorns
1098,Stockport County,1883-01-01,https://www.stockportcounty.com/,Edgeley Park
405,Aston Villa,1874-03-01,https://www.avfc.co.uk,Villa Park
185,FV Lörrach-Brombach,2012-01-24,https://www.fvl-b.de,Grüttpark
1164,Le Mans FC,1985-06-12,https://www.lemansfc.fr,Stade Marie-Marvingt
2796,Woking FC,1889-05-17,https://www.wokingfc.co.uk,Kingfield Stadium
851,1.FSV Mainz 05 II,2005-03-16,https://www.mainz05.de,Stadion am Bruchweg
4031,Cosenza Calcio,2013-11-30,https://www.ilcosenza.it,San Vito-Luigi Marulla
2919,AC Monza,2012-09-01,https://www.acmonza.com,U-Power Stadium - Brianteo
150,Real Betis Balompié,2007-09-12,https://www.realbetisbalompie.es,Benito Villamarín
603,Cardiff City,1899-01-01,https://www.cardiffcityfc.co.uk,Cardiff City Stadium
931,Fulham FC,1879-12-21,https://www.fulhamfc.com,Craven Cottage
1533,SD Eibar,2040-11-30,https://www.sdeibar.com,Ipurua
6830,TSG Backnang,2019-01-01,https://www.tsg-backnang-fussball.de,Stadion Etzwiesen
1050,Villarreal CF,2023-03-10,https://www.villarrealcf.es,La Cerámica
4948,TSV Rain/Lech,1896-01-10,https://www.tsvrain.de,Georg-Weber-Stadion
11436,SV Grün-Weiß Lübben,2061-01-01,https://www.gruenweiss-luebben.de,Sportstätte Völkerfreundschaft
1429,Cesena FC,2018-08-02,https://www.calciocesena.com,Orogel Stadium - Dino Manuzzi
1198,Lincoln City,1884-01-01,https://www.redimps.co.uk,LNER Stadium
11601,Marino Luanco,2030-11-30,https://www.clubmarinodeluanco.com,Miramar
20035,AS Vitré,2018-12-12,,Stade Municipal de Vitré
1123,Norwich City,2002-06-17,https://www.canaries.co.uk,Carrow Road
7810,TuS Sachsenhausen,1896-11-14,https://www.tus1896.de,ELGORA-Stadion
52075,ASD Stresa Vergante,2018-07-04,,Stadio Luigi Forlano
20601,FC-Astoria Walldorf II,1995-02-15,https://www.fcastoria.de,Waldstadion
22294,US Viterbese 1908,2008-01-01,https://usviterbese.it,Enrico Rocchi
50622,Castellazzo Bormida,,,Campo Comunale
472,UD Las Palmas,2049-08-22,https://www.udlaspalmas.es,Estadio de Gran Canaria
50100,SC Ligorna 1922,2022-02-01,https://www.ligorna.it,Campo Sportivo Ligorna A
940,Celta de Vigo,2023-08-23,https://www.rccelta.es,Abanca Balaídos
3054,Shrewsbury Town,1886-01-01,https://www.shrewsburytown.com,Montgomery Waters Meadow
46,Inter Milan,2008-03-09,https://www.inter.it,Giuseppe Meazza
13484,ASDC Gozzano,2024-06-16,https://www.acgozzanocalcio.it,Alfredo D'Albertas
71,Stuttgarter Kickers,1899-09-21,https://www.stuttgarter-kickers.de,GAZi-Stadion auf der Waldau
5382,FC Unterföhring,2027-03-06,https://www.fcunterfoehring.de,Sportpark Isarau
16,Borussia Dortmund,2009-12-19,https://www.bvb.de,SIGNAL IDUNA PARK
435,SGV Freiberg,1973-10-26,https://www.sgv-freiberg-fussball.de,Wasen-Stadion
111,Rot-Weiß Erfurt,2066-01-26,https://www.rot-weiss-erfurt.de,Steigerwaldstadion
2464,FC Barcelona Atlètic,2069-11-30,https://www.fcbarcelona.cat/ca/futbol/barca-b/noticies,Johan Cruyff
3466,1.FC Normannia Gmünd,2004-07-30,https://www.fc-normannia.de,WWG Sportpark
12748,EA Guingamp B,2012-01-01,https://www.eaguingamp.com,Stade Centre Formation EAG 1 
4150,AC Cuneo 1905,2005-01-01,https://www.cuneocalcio.it,Fratelli Paschiero
3455,Forest Green Rovers,1889-11-30,https://www.fgr.co.uk/,The New Lawn
29476,RSV Eintracht 1949,2049-01-01,https://rsv-eintracht1949.de,Sportanlage Heinrich-Zille-Straße
595,SC Bastia,2005-01-01,https://www.sc-bastia.corsica/,Stade Armand-Cesari
1080,Stade Lavallois,2002-07-17,https://www.stade-lavallois.com,Stade Francis Le Basser
4550,Legnano AC,2013-01-01,https://aclegnano.it/,Giovanni Mari
289,Sunderland AFC,1879-10-17,https://www.safc.com,Stadium of Light
41692,GSD Ghiviborgo VDS,2012-07-01,https://www.ghiviborgo.it/,Carraia
41128,US Granville,2018-01-01,https://usgranville.fr/,Stade Louis-Dior
3694,AFC Telford United,2004-05-28,https://www.telfordutd.co.uk,New Bucks Head
1181,Blackpool FC,1887-07-26,https://www.blackpoolfc.co.uk,Bloomfield Road
130,Parma Calcio 1913,2013-07-27,https://www.parmacalcio1913.com,Ennio Tardini
81,VfL Osnabrück,1899-04-17,https://www.vfl.de,Bremer Brücke
582,Karlsruher SC II,2052-10-16,https://www.ksc.de,"Wildparkstadion, Platz 2"
1307,US Pistoiese 1921,2021-04-11,https://www.uspistoiese1921.it,Marcello Melani
108,SV Wehen Wiesbaden,2026-01-01,https://svww.de/,BRITA-Arena
1010,Watford FC,1881-01-01,https://www.watfordfc.com,Vicarage Road
27050,Arzachena Academy,2064-12-11,https://www.arzachenacademy.it,Stadio Biagio Pirina
89,1.FC Union Berlin,2066-01-20,https://www.fc-union-berlin.de,Stadion An der Alten Försterei
148,Tottenham Hotspur,1882-09-05,https://www.tottenhamhotspur.com,Tottenham Hotspur Stadium
3716,Newport County,2011-11-30,https://www.newport-county.co.uk,Rodney Parade
5514,Calcio Lecco 1912,2012-12-22,https://www.calciolecco1912.com,Rigamonti-Ceppi
102,VfB Stuttgart II,1893-09-09,https://www.vfb.de,Robert-Schlienz-Stadion
657,SV Linx,2049-06-19,https://www.svlinx.de,Hans-Weber Stadion
92,SC Fortuna Köln,2048-02-21,https://www.fortuna-koeln.de,Südstadion
1047,Como 1907,2007-05-25,https://www.comofootball.com/,Giuseppe Sinigaglia
2805,Wycombe Wanderers,1887-01-01,https://www.wycombewanderers.co.uk,Adams Park
22302,Lupa Roma FC,1974-07-01,https://www.luparoma.it,Campo Sportivo Montefiore
34148,UCAM Murcia CF,1998-11-30,https://www.ucamdeportes.com/ucamcf/,BeSoccer La Condomina
4163,US Fiorenzuola 1922,2022-01-01,https://www.fiorenzuolacalcio.it/,Velodromo Attilio Pavesi
247,SV Meppen,2012-11-29,https://www.svmeppen.de,Hänsch-Arena
55361,PontDonnaz Hône Arnad Evançon,2013-07-01,,Comunale di Montjovet
16486,CF Fuenlabrada,1975-06-05,https://www.cffuenlabrada.es,Fernando Torres
1385,Modena FC,2012-04-05,https://modenacalcio.com,Alberto Braglia
11000,CD Lugo,2053-06-01,https://www.cdlugo.com,Anxo Carro
93,SC Verl,2024-09-06,https://www.scverl.de,Home Deluxe Arena
466,Preston North End,1863-01-01,https://www.pnefc.net,Deepdale
1536,Burgos CF,1982-11-30,https://www.burgoscf.es,El Plantío
55434,RG Ticino,2017-05-01,https://www.rgticino.it,Beretta Muttini
29251,Virtusvecomp Verona,2021-01-01,https://www.usvirtusbv.it,Gavagnin-Nocini
2589,SG Sonnenhof Großaspach,1994-08-25,https://www.sg94.de,WIRmachenDRUCK Arena
26132,UE Costa Brava (- 2022),2047-01-01,https://www.uellagostera.cat,Estadi Municipal Palamós - Costa Brava
4331,FC Trapani 1905,2005-04-02,https://www.fctrapani1905.net,Polisportivo Provinciale
8519,Sevilla Atlético,1890-01-25,https://www.sevillafc.es,Jesús Navas
3522,Spezia Calcio,2006-10-10,https://acspezia.com,Alberto Picco
12020,Harrogate Town,2014-07-01,https://www.harrogatetownafc.com/,Wetherby Road
1532,Albacete Balompié,2040-08-01,https://www.albacetebalompie.com,Carlos Belmonte
7454,Welling United,2062-11-30,https://www.wellingunited.com,Park View Road
13225,CF Reus Deportiu (-2020),2009-11-23,https://www.cfreusdeportiu.com,Estadi Municipal de Reus (Camp Nou Municipal)
4542,Cultural Leonesa,2023-08-05,https://www.cydleonesa.com,Reino de León
27568,US Follonica Gavorrano,2029-11-30,https://usfollonicagavorrano.it,Romeo Malservisi-Mario Matteini
30444,Luçon Football Club,2024-01-01,https://www.vendeeluconfoot.fr/,Stade Jean de Mouzon
112,SC Pfullendorf,2019-08-02,https://www.sc-pfullendorf.de,Geberit-Arena
24420,UD Logroñés,2066-11-30,https://www.uniondeportivalogroñes.es,Las Gaunas
5407,SR Colmar,2020-01-01,https://www.srcolmar.fr,Colmar Stadium
293,FSV Frankfurt,1899-08-20,https://www.fsv-frankfurt.de,PSD Bank Arena
986,Cambridge United,2012-01-01,https://www.cambridge-united.co.uk,Abbey Stadium
113,FC Carl Zeiss Jena,2003-05-13,https://www.fc-carlzeiss-jena.de,Ernst-Abbe-Sportfeld
1088,Rochdale AFC,2007-01-01,https://www.rochdaleafc.co.uk,Crown Oil Arena
1,1.FC Saarbrücken,2003-04-18,https://www.fc-saarbruecken.de,Ludwigsparkstadion
668,Sportfreunde Lotte,2029-01-01,https://www.sf-lotte.de,Stadion am Lotter Kreuz
275,FSV Zwickau,1990-01-01,https://www.fsv-zwickau.de,GGZ-Arena
1211,Port Vale FC,1876-01-01,https://www.port-vale.co.uk,Vale Park
34499,US Pianese,2016-05-10,https://uspianese.it,Comunale di Piancastagnaio
32013,SS Racing Club Roma,2013-06-30,https://www.ssracingroma.it,Stadio Casal del Marmo
22226,AC Saluzzo,2001-01-01,https://www.saluzzocalcio.it/,Amedeo Damiano
300,TSG Weinheim,1862-08-20,https://www.tsg-weinheim.de,Sepp-Herberger-Stadion
5587,SS Juve Stabia,2007-03-19,https://www.ssjuvestabia.it/homepage/,Romeo Menti
52,MSV Duisburg,2002-09-17,https://www.msvamateure.de,Schauinsland-Reisen-Arena
78,VfB Lübeck,2019-08-28,https://www.vfb-luebeck.de,Stadion an der Lohmühle
5621,AC Reggiana 1919,2019-09-25,https://www.reggianacalcio.it,Mapei Stadium - Città del Tricolore
85,SV Waldhof Mannheim,2007-04-11,https://www.waldhof-mannheim.de,Carl-Benz-Stadion
56330,ASD Asti,2032-08-21,https://www.asdasti.it/,Stadio Comunale Censin Bosia
4718,SS Virtus Lanciano,2019-11-30,https://www.virtuslanciano.it,Guido Biondi
3688,Accrington Stanley,2068-01-01,https://www.accringtonstanley.co.uk,The Wham Stadium
698,Bristol City,1894-01-01,https://www.bcfc.co.uk,Ashton Gate
13222,CD Mirandés,2027-05-03,https://www.cdmirandes.com,Anduva
630,Racing Santander,2013-06-14,https://www.realracingclub.es,El Sardinero
1032,Reading FC,1871-12-25,https://www.readingfc.co.uk,Select Car Leasing Stadium
704,Calcio Foggia 1920,2020-07-05,https://www.calciofoggia1920.net,Pino Zaccheria
59916,USD Castellanzese 1921,2021-01-01,https://www.castellanzese.com/,"Comunale ""Giovanni Provasi"""
8291,Kehler FV 07,2007-03-20,https://www.kehlerfv.de,Rhein-Stadion
2687,Cádiz CF,2009-11-30,https://www.cadizcf.com,Nuevo Mirandilla
30066,FC Legnago Salus,2021-01-01,https://www.legnagocalcio.it,Mario Sandrini
29095,Extremadura UD (-2022),2007-07-01,https://www.extremaduraud.com,Francisco de la Hera
476,TSV Havelse,2012-08-05,https://www.tsv-havelse.de,Wilhelm-Langrehr-Stadion
4333,US Grosseto 1912,2012-05-13,https://www.usgrossetocalcio.com,Carlo Zecchini
4095,AC Trento,2021-01-01,https://actrento.com,Stadio Briamasco
337,Birmingham City,1875-01-01,https://www.bcfc.com,St Andrew's
11596,AD Alcorcón,2071-07-20,https://www.adalcorcon.com,Santo Domingo
14171,Thonon Évian Grand Genève FC,2024-01-01,https://www.grandgenevefootball.com/,Stade Camille Fournier
4271,US Triestina,2018-12-18,https://www.triestinacalcio.club,Nereo Rocco
2794,Havant & Waterlooville FC,1998-06-01,https://http://www.havantandwaterlooville.net/,Draper Tools Community Stadium
36745,AC Tuttocuoio,2057-01-01,https://www.tuttocuoiocalcio.com/,Ettore Mannucci
3312,SC Eltersdorf,2025-11-30,https://www.sceltersdorf.de,ELSNER Sportpark Erlangen
16575,SD Amorebieta,2023-12-02,https://sdamorebieta.eus,Urritxe
899,Walsall FC,1888-01-01,https://www.saddlers.co.uk,Banks's Stadium
40373,FC Viktoria 1889 Berlin,1889-06-06,https://viktoria.berlin,Stadion Lichterfelde
22045,Latina Calcio 1932,2045-01-01,https://www.latinacalcio1932.com,Stadio Domenico Francioni 
2502,CD Castellón,2022-07-22,https://www.cdcastellon.com,Castalia 
22200,SSD Imperia 1923,2023-11-30,https://www.imperiacalcio.it,Nino Ciccione
2331,US Avellino 1912,2012-12-12,https://www.usavellino1912.com,Stadio Partenio-Adriano Lombardi
83362,ASD Città Di Varese,2019-07-26,https://www.cittadivarese.it,Franco Ossola
34559,Lorca FC (- 2022),2003-06-01,https://www.lahoyalorcacf.com,Francisco Artés Carrasco
7077,FC Cartagena,1995-07-25,https://www.fccartagena.es/,Cartagonova
4103,FC Lumezzane,2046-01-01,https://www.fclumezzane.it,Tullio Saleri
11422,CE Sabadell FC,2003-12-11,https://www.cesabadell.cat,Nova Creu Alta
